contrato,Nome,Proc_dnit,Proc_ipaam,Contratos,Lote,Supervisao,Operacao
01 00354/2021,Alvarães,50013.000168/2018-81,01.01.030201.015352/2023-11,SR-354-2021,LOTE 4 - MANUTENÇÃO E REGULARIZAÇÃO DE IP4s,Laghi Engenharia LTDA,Antonelly Construções e Serviços LTDA
01 00916/2020,Anori,50601.001364/2018-43,01.01.030201.017856/2024-57,DAQ-186/2023,"LOTE 5 - OPERAÇÃO, MANUTENÇÃO E REGULARIZAÇÃO DE IP4s",Laghi Engenharia LTDA,Antonelly Construções e Serviços LTDA
01 00032/2021,Autazes,50013.000853/2019-99,01.01.030201.025221/2024-23,SR-032/2021,"LOTE 6 - OPERAÇÃO, MANUTENÇÃO E REGULARIZAÇÃO DE IP4s",R Peotta Engenharia e Consultoria LTDA.,Antonelly Construções e Serviços LTDA
01 00032/2021,Barcelos,50013.000149/2019-36,01.01.030201.025220/2024-89,SR-032/2021,"LOTE 6 - OPERAÇÃO, MANUTENÇÃO E REGULARIZAÇÃO DE IP4s",R Peotta Engenharia e Consultoria LTDA.,Antonelly Construções e Serviços LTDA
01 00915/2020,Barreirinha,50013.000444/2020-26,01.01.030201.021594/2024-25,DAQ-185/2023,"LOTE 1 - OPERAÇÃO, MANUTENÇÃO E REGULARIZAÇÃO DE IP4s",R Peotta Engenharia e Consultoria LTDA.,Antonelly Construções e Serviços LTDA
01 00352/2021,Benjamin Constant,50013.000439/2019-80,01.01.030201.019835/2024-76,SR-352/2021,"LOTE 2 - OPERAÇÃO, MANUTENÇÃO E REGULARIZAÇÃO DE IP4s",Laghi Engenharia LTDA,Antonelly Construções e Serviços LTDA
01 00916/2020,Beruri,50013.000855/2019-88,01.01.030201.024824/2024-08,DAQ-186/2023,"LOTE 5 - OPERAÇÃO, MANUTENÇÃO E REGULARIZAÇÃO DE IP4s",Laghi Engenharia LTDA,Antonelly Construções e Serviços LTDA
01 00915/2020,Boa Vista do Ramos,50013.000440/2019-12,01.01.030201.018011/2024-89,DAQ-185/2023,"LOTE 1 - OPERAÇÃO, MANUTENÇÃO E REGULARIZAÇÃO DE IP4s",R Peotta Engenharia e Consultoria LTDA.,Antonelly Construções e Serviços LTDA
01 00353/2021,Borba,50013.000865/2019-13,01.01.030201.020292/2024-30,SR-353/2021,"LOTE 3 - OPERAÇÃO, MANUTENÇÃO E REGULARIZAÇÃO DE IP4s",R Peotta Engenharia e Consultoria LTDA,Antonelly Construções e Serviços LTDA
01 00916/2020,Canutama,50013.000062/2020-01,01.01.030201.019313/2024-74,DAQ-186/2023,"LOTE 5 - OPERAÇÃO, MANUTENÇÃO E REGULARIZAÇÃO DE IP4s",R Peotta Engenharia e Consultoria LTDA.,Antonelly Construções e Serviços LTDA
01 00354/2021,Carauari,50013.000443/2020-81,01.01.030201.024886/2024-10,SR-354-2021,LOTE 4 - MANUTENÇÃO E REGULARIZAÇÃO DE IP4s,R Peotta Engenharia e Consultoria LTDA.,Antonelly Construções e Serviços LTDA
01 00032/2021,Careiro da Várzea,50601.001931/2021-67,01.01.030201.018878/2024-34,SR-032/2021,"LOTE 6 - OPERAÇÃO, MANUTENÇÃO E REGULARIZAÇÃO DE IP4s",R Peotta Engenharia e Consultoria LTDA.,Antonelly Construções e Serviços LTDA
01 00352/2021,Coari,50013.000854/2019-33,01.01.030201.023165/2024-92,SR-352/2021,"LOTE 2 - OPERAÇÃO, MANUTENÇÃO E REGULARIZAÇÃO DE IP4s",Laghi Engenharia LTDA,Antonelly Construções e Serviços LTDA
01 00916/2020,Codajás,50013.000360/2019-59,01.01.030201.020350/2024-25,DAQ-186/2023,"LOTE 5 - OPERAÇÃO, MANUTENÇÃO E REGULARIZAÇÃO DE IP4s",Laghi Engenharia LTDA,Antonelly Construções e Serviços LTDA
01 00354/2021,Eirunepé,50013.000442/2020-37,01.01.030201.019794/2024-18,SR-354-2021,LOTE 4 - MANUTENÇÃO E REGULARIZAÇÃO DE IP4s,Laghi Engenharia LTDA,Antonelly Construções e Serviços LTDA
01 00354/2021,Envira,50013.000445/2020-71,01.01.030201.013145/2023-22,SR-354-2021,LOTE 4 - MANUTENÇÃO E REGULARIZAÇÃO DE IP4s,Laghi Engenharia LTDA,Antonelly Construções e Serviços LTDA
01 00352/2021,Fonte Boa,50013.000441/2019-59,01.01.030201.023504/2024-30,SR-352/2021,"LOTE 2 - OPERAÇÃO, MANUTENÇÃO E REGULARIZAÇÃO DE IP4s",Laghi Engenharia LTDA,Antonelly Construções e Serviços LTDA
01 00354/2021,Guajará,50013.000441/2020-92,01.01.030201.019745/2024-85,SR-354-2021,LOTE 4 - MANUTENÇÃO E REGULARIZAÇÃO DE IP4s,Laghi Engenharia LTDA,Antonelly Construções e Serviços LTDA
01 00353/2021,Humaitá,50013.000444/2018-10,01.01.030201.018085/2024-15,SR-353/2021,"LOTE 3 - OPERAÇÃO, MANUTENÇÃO E REGULARIZAÇÃO DE IP4s",R Peotta Engenharia e Consultoria LTDA,Antonelly Construções e Serviços LTDA
01 00354/2021,Ipixuna,50013.000440/2020-48,01.01.030201.019733/2024-50,SR-354-2021,LOTE 4 - MANUTENÇÃO E REGULARIZAÇÃO DE IP4s,Laghi Engenharia LTDA,Antonelly Construções e Serviços LTDA
01 00916/2020,Iranduba,50013.000868/2019-57,01.01.030201.017213/2023-22,DAQ-186/2023,"LOTE 5 - OPERAÇÃO, MANUTENÇÃO E REGULARIZAÇÃO DE IP4s",Laghi Engenharia LTDA,Antonelly Construções e Serviços LTDA
01 00032/2021,Itacoatiara (antigo),50013.000868/2019-57,01.01.030201.024793/2024-95,SR-032/2021,"LOTE 6 - OPERAÇÃO, MANUTENÇÃO E REGULARIZAÇÃO DE IP4s",R Peotta Engenharia e Consultoria LTDA.,Antonelly Construções e Serviços LTDA
01 00032/2021,Itacoatiara (novo),50013.000132/2019-89,01.01.030201.024793/2024-95,SR-032/2021,"LOTE 6 - OPERAÇÃO, MANUTENÇÃO E REGULARIZAÇÃO DE IP4s",R Peotta Engenharia e Consultoria LTDA.,Antonelly Construções e Serviços LTDA
01 00354/2021,Itamarati,50013.000439/2020-13,01.01.030201.027970/2024-95,SR-354-2021,LOTE 4 - MANUTENÇÃO E REGULARIZAÇÃO DE IP4s,Laghi Engenharia LTDA,Antonelly Construções e Serviços LTDA
01 00915/2020,Itapiranga,50013.000013/2020-60,01.01.030201.007352/2023-48,DAQ-185/2023,"LOTE 1 - OPERAÇÃO, MANUTENÇÃO E REGULARIZAÇÃO DE IP4s",R Peotta Engenharia e Consultoria LTDA.,Antonelly Construções e Serviços LTDA
01 00352/2021,Japurá,50013.000083/2020-18,01.01.030201.018855/2024-20,SR-352/2021,"LOTE 2 - OPERAÇÃO, MANUTENÇÃO E REGULARIZAÇÃO DE IP4s",Laghi Engenharia LTDA,Antonelly Construções e Serviços LTDA
01 00352/2021,Jutaí,50601.001674/2022-44,2322/T/05,SR-352/2021,"LOTE 2 - OPERAÇÃO, MANUTENÇÃO E REGULARIZAÇÃO DE IP4s",Laghi Engenharia LTDA,Antonelly Construções e Serviços LTDA
01 00916/2020,Lábrea,50013.000624/2019-74,736.2020,DAQ-186/2023,"LOTE 5 - OPERAÇÃO, MANUTENÇÃO E REGULARIZAÇÃO DE IP4s",Laghi Engenharia LTDA,Antonelly Construções e Serviços LTDA
01 00916/2020,Manacapuru,50013.000869/2019-00,01.01.030201.009769/2023-45,DAQ-186/2023,"LOTE 5 - OPERAÇÃO, MANUTENÇÃO E REGULARIZAÇÃO DE IP4s",Laghi Engenharia LTDA,Antonelly Construções e Serviços LTDA
01 00916/2020,Manaquiri,50013.000859/2019-66,01.01.030201.019423/2024-36,DAQ-186/2023,"LOTE 5 - OPERAÇÃO, MANUTENÇÃO E REGULARIZAÇÃO DE IP4s",Laghi Engenharia LTDA,Antonelly Construções e Serviços LTDA
01 00353/2021,Manicoré,50013.000676/2019-41,01.01.030201.020292/2024-30,SR-353/2021,"LOTE 3 - OPERAÇÃO, MANUTENÇÃO E REGULARIZAÇÃO DE IP4s",R Peotta Engenharia e Consultoria LTDA,Antonelly Construções e Serviços LTDA
01 00915/2020,Maués,50013.000605/2019-48,01.01.030201.018091/2024-72,DAQ-185/2023,"LOTE 1 - OPERAÇÃO, MANUTENÇÃO E REGULARIZAÇÃO DE IP4s",R Peotta Engenharia e Consultoria LTDA.,Antonelly Construções e Serviços LTDA
01 00915/2020,Nhamundá,50013.000024/2020-40,01.01.030201.021712/2024-03,DAQ-185/2023,"LOTE 1 - OPERAÇÃO, MANUTENÇÃO E REGULARIZAÇÃO DE IP4s",R Peotta Engenharia e Consultoria LTDA.,Antonelly Construções e Serviços LTDA
01 00353/2021,Nova Olinda do Norte,50013.000180/2019-77,01.01.030201.021612/2024-79,SR-353/2021,"LOTE 3 - OPERAÇÃO, MANUTENÇÃO E REGULARIZAÇÃO DE IP4s",R Peotta Engenharia e Consultoria LTDA,Antonelly Construções e Serviços LTDA
01 00032/2021,Novo Airão,50013.000232/2018-24,01.01.030201.023006/2024-98,SR-032/2021,"LOTE 6 - OPERAÇÃO, MANUTENÇÃO E REGULARIZAÇÃO DE IP4s",R Peotta Engenharia e Consultoria LTDA.,Antonelly Construções e Serviços LTDA
15 00549/2021,Novo Aripuanã,50013.000870/2019-26,01.01.030201.024945/2024-50,SR-353/2021,"LOTE 3 - OPERAÇÃO, MANUTENÇÃO E REGULARIZAÇÃO DE IP4s",R Peotta Engenharia e Consultoria LTDA,Antonelly Construções e Serviços LTDA
01 00915/2020,Parintins,50013.000438/2020-79,01.01.030201.019246/2024-98,DAQ-185/2023,"LOTE 1 - OPERAÇÃO, MANUTENÇÃO E REGULARIZAÇÃO DE IP4s",R Peotta Engenharia e Consultoria LTDA.,Antonelly Construções e Serviços LTDA
01 00915/2020,Parintins (Vila Amazônia),50013.000267/2018-63,01.01.030201.017968/2024-08,DAQ-185/2023,"LOTE 1 - OPERAÇÃO, MANUTENÇÃO E REGULARIZAÇÃO DE IP4s",R Peotta Engenharia e Consultoria LTDA.,Antonelly Construções e Serviços LTDA
01 00032/2021,Santa Isabel do Rio Negro,50013.000427/2018-74,01.01.030201.020275/2024-00,SR-032/2021,"LOTE 6 - OPERAÇÃO, MANUTENÇÃO E REGULARIZAÇÃO DE IP4s",R Peotta Engenharia e Consultoria LTDA.,Antonelly Construções e Serviços LTDA
01 00352/2021,Santo Antônio do Içá,50600.001435/2025-47,01.01.030201.021333/2024-05,SR-352/2021,"LOTE 2 - OPERAÇÃO, MANUTENÇÃO E REGULARIZAÇÃO DE IP4s",Laghi Engenharia LTDA,Antonelly Construções e Serviços LTDA
01 00352/2021,São Paulo de Olivença,50601.000824/2021-11,1996.2020,SR-352/2021,"LOTE 2 - OPERAÇÃO, MANUTENÇÃO E REGULARIZAÇÃO DE IP4s",Laghi Engenharia LTDA,Antonelly Construções e Serviços LTDA
01 00032/2021,Manaus (São Raimundo),50601.002034/2020-90,01.01.030201.000598/2024-70,SR-032/2021,"LOTE 6 - OPERAÇÃO, MANUTENÇÃO E REGULARIZAÇÃO DE IP4s",R Peotta Engenharia e Consultoria LTDA.,Antonelly Construções e Serviços LTDA
01 00915/2020,São Sebastião do Uatumã,50601.001638/2021-08,,DAQ-185/2023,"LOTE 1 - OPERAÇÃO, MANUTENÇÃO E REGULARIZAÇÃO DE IP4s",R Peotta Engenharia e Consultoria LTDA.,Antonelly Construções e Serviços LTDA
01 00915/2020,Silves,50601.001632/2020-41,01.01.030201.021579/2024-87,DAQ-185/2023,"LOTE 1 - OPERAÇÃO, MANUTENÇÃO E REGULARIZAÇÃO DE IP4s",R Peotta Engenharia e Consultoria LTDA.,Antonelly Construções e Serviços LTDA
01 00352/2021,Tabatinga,50013.000173/2018-94,01.01.030201.019801/2024-81,SR-352/2021,"LOTE 2 - OPERAÇÃO, MANUTENÇÃO E REGULARIZAÇÃO DE IP4s",R Peotta Engenharia e Consultoria LTDA.,Antonelly Construções e Serviços LTDA
01 00916/2020,Tapauá,50013.000058/2020-34,01.01.030201.023625/2024-82,DAQ-186/2023,"LOTE 5 - OPERAÇÃO, MANUTENÇÃO E REGULARIZAÇÃO DE IP4s",Laghi Engenharia LTDA,Antonelly Construções e Serviços LTDA
01 00354/2021,Tefé,50601.000029/2019-17,01.01.030201.021692/2024-62,SR-354-2021,LOTE 4 - MANUTENÇÃO E REGULARIZAÇÃO DE IP4s,Laghi Engenharia LTDA,Antonelly Construções e Serviços LTDA
01 00352/2021,Tonantins,50013.000074/2020-27,01.01.030201.020208/2024-88,SR-352/2021,"LOTE 2 - OPERAÇÃO, MANUTENÇÃO E REGULARIZAÇÃO DE IP4s",R Peotta Engenharia e Consultoria LTDA.,Antonelly Construções e Serviços LTDA
01 00915/2020,Urucará,50013.000072/2020-38,01.01.030201.001341/2025-16,DAQ-185/2023,"LOTE 1 - OPERAÇÃO, MANUTENÇÃO E REGULARIZAÇÃO DE IP4s",R Peotta Engenharia e Consultoria LTDA.,Antonelly Construções e Serviços LTDA
01 00353/2021,Urucurituba,50013.000542/2018-49,01.01.030201.020342/2024-89,SR-353/2021,"LOTE 3 - OPERAÇÃO, MANUTENÇÃO E REGULARIZAÇÃO DE IP4s",R Peotta Engenharia e Consultoria LTDA.,Antonelly Construções e Serviços LTDA
01 00353/2021,Apuí,50601.001673/2022-08,3714/T/07,SR-353/2021,"LOTE 3 - OPERAÇÃO, MANUTENÇÃO E REGULARIZAÇÃO DE IP4s",R Peotta Engenharia e Consultoria LTDA.,Antonelly Construções e Serviços LTDA
